epoch,time,train/box_loss,train/cls_loss,train/dfl_loss,metrics/precision(B),metrics/recall(B),metrics/mAP50(B),metrics/mAP50-95(B),val/box_loss,val/cls_loss,val/dfl_loss,lr/pg0,lr/pg1,lr/pg2
1,12.3333,5.83563,192.175,2.32566,0,0,0,0,5.43538,62.2765,1.75789,0.00052,0.00052,0.00052
2,17.0678,4.27689,57.0736,1.50209,0,0,0,0,3.96529,38.9136,1.24655,0.00105475,0.00105475,0.00105475
3,22.0401,4.12369,33.1941,1.38917,0,0,0,0,4.50411,40.8587,1.37275,0.00158416,0.00158416,0.00158416
4,26.8354,4.12128,26.952,1.31823,0,0,0,0,4.3846,21.7847,1.31626,0.0019703,0.0019703,0.0019703
5,31.8683,4.1683,19.8119,1.40102,0,0,0,0,4.68242,21.3104,1.35808,0.0019604,0.0019604,0.0019604
6,36.778,4.04981,14.3909,1.33889,0,0,0,0,3.93086,11.7662,1.20284,0.0019505,0.0019505,0.0019505
7,41.1649,3.97135,12.4631,1.31473,0,0,0,0,3.7257,7.27904,1.20564,0.0019406,0.0019406,0.0019406
8,45.6044,3.66781,9.50375,1.24215,0,0,0,0,3.20675,5.50239,1.06381,0.0019307,0.0019307,0.0019307
9,49.8957,3.36631,7.67314,1.16341,0.00047,0.09901,0.00031,8e-05,3.62115,55.7293,1.15461,0.0019208,0.0019208,0.0019208
10,54.5351,3.25918,6.62685,1.1401,0.00644,0.23762,0.02412,0.00628,3.33108,4.65449,1.23244,0.0019109,0.0019109,0.0019109
11,59.6387,3.05697,5.39269,1.10298,0.0086,0.51485,0.08934,0.02365,2.89596,3.77033,0.9935,0.001901,0.001901,0.001901
12,64.0497,3.03307,4.35624,1.07013,0.79621,0.21782,0.36511,0.15214,2.50966,2.65128,0.94803,0.0018911,0.0018911,0.0018911
13,68.426,2.82728,3.8158,1.07173,0.40959,0.24752,0.26015,0.05346,3.16557,2.23981,1.07171,0.0018812,0.0018812,0.0018812
14,72.8803,2.76433,3.23718,1.04853,0.62961,0.45545,0.49648,0.19244,2.37096,1.67603,0.92041,0.0018713,0.0018713,0.0018713
15,77.4515,2.70857,3.00222,1.04906,0.48112,0.33663,0.33616,0.08287,2.89056,1.6812,0.97383,0.0018614,0.0018614,0.0018614
16,81.985,2.62424,2.65061,1.02661,0.57135,0.55446,0.55592,0.20743,2.30633,1.44674,0.90968,0.0018515,0.0018515,0.0018515
17,86.4499,2.53064,2.50537,1.00268,0.59497,0.35644,0.34415,0.10861,2.60416,1.62925,0.96701,0.0018416,0.0018416,0.0018416
18,90.8875,2.4359,2.32097,1.00836,0.61608,0.54455,0.52108,0.16812,2.46598,1.43764,0.91204,0.0018317,0.0018317,0.0018317
19,95.6508,2.48867,2.27272,1.00455,0.34539,0.21782,0.14519,0.04222,3.28458,2.14393,1.05489,0.0018218,0.0018218,0.0018218
20,100.668,2.37991,2.12537,0.9896,0.57663,0.41584,0.41065,0.11315,2.69555,1.58413,0.92184,0.0018119,0.0018119,0.0018119
21,105.145,2.40117,2.02564,0.99379,0.77188,0.60396,0.64634,0.26271,2.12553,1.23878,0.878,0.001802,0.001802,0.001802
22,109.528,2.27855,1.8638,0.96779,0.71005,0.61386,0.67113,0.30995,1.89022,1.28073,0.8657,0.0017921,0.0017921,0.0017921
23,113.883,2.2888,1.83254,0.98033,0.78908,0.58416,0.6713,0.25736,2.22246,1.17679,0.90684,0.0017822,0.0017822,0.0017822
24,118.307,2.29,1.82186,0.97192,0.74006,0.62376,0.66175,0.33799,1.86689,1.18805,0.84924,0.0017723,0.0017723,0.0017723
25,122.726,2.3781,1.80985,0.99985,0.78404,0.58416,0.60147,0.20849,2.38564,1.33229,0.90308,0.0017624,0.0017624,0.0017624
26,127.142,2.31074,1.81558,0.96,0.64622,0.54259,0.53173,0.1602,2.59071,1.36276,0.89261,0.0017525,0.0017525,0.0017525
27,131.63,2.22418,1.69231,0.95002,0.78312,0.53465,0.64168,0.24943,2.21492,1.37997,0.87196,0.0017426,0.0017426,0.0017426
28,136.616,2.19889,1.61322,0.95696,0.78058,0.59881,0.69067,0.30653,2.00372,1.18769,0.8566,0.0017327,0.0017327,0.0017327
29,141.055,2.28055,1.57811,0.97702,0.787,0.64356,0.71169,0.31189,2.12782,1.19269,0.8886,0.0017228,0.0017228,0.0017228
30,145.397,2.13088,1.52799,0.95339,0.75439,0.60396,0.6936,0.25308,2.24103,1.29252,0.87012,0.0017129,0.0017129,0.0017129
31,149.799,2.14964,1.54527,0.94232,0.8623,0.68205,0.76719,0.36251,1.88649,1.04279,0.85186,0.001703,0.001703,0.001703
32,154.323,2.14754,1.57766,0.95626,0.52619,0.54981,0.48107,0.16578,2.41189,1.67162,0.88857,0.0016931,0.0016931,0.0016931
33,160.952,2.07971,1.45131,0.9516,0.76979,0.63366,0.63401,0.20716,2.185,1.30131,0.86878,0.0016832,0.0016832,0.0016832
34,167.406,2.08546,1.46491,0.94278,0.69056,0.57426,0.55443,0.14741,2.60898,1.38429,0.91946,0.0016733,0.0016733,0.0016733
35,172.793,2.09471,1.42376,0.93315,0.82886,0.67133,0.75584,0.38127,1.86349,1.06617,0.84315,0.0016634,0.0016634,0.0016634
36,177.183,2.11515,1.41545,0.96548,0.71617,0.72451,0.7709,0.34066,1.89102,1.189,0.86785,0.0016535,0.0016535,0.0016535
37,181.505,2.15644,1.43965,0.95574,0.87935,0.64952,0.7648,0.34593,1.93566,1.16795,0.89237,0.0016436,0.0016436,0.0016436
38,185.99,2.16574,1.39682,0.95267,0.80091,0.65347,0.75221,0.33508,2.0211,1.15539,0.86224,0.0016337,0.0016337,0.0016337
39,190.309,2.19308,1.43794,0.95298,0.8238,0.71287,0.80608,0.3867,1.88269,1.10235,0.88351,0.0016238,0.0016238,0.0016238
40,194.652,2.14756,1.35566,0.97148,0.87932,0.64933,0.79967,0.35335,2.13156,1.0915,0.92175,0.0016139,0.0016139,0.0016139
41,199.032,2.1734,1.37978,0.96106,0.78469,0.69307,0.74038,0.23966,2.39481,1.16597,0.90476,0.001604,0.001604,0.001604
42,203.389,2.1453,1.39836,0.96584,0.39014,0.45545,0.28758,0.08227,2.97413,1.64662,0.943,0.0015941,0.0015941,0.0015941
43,209.695,1.9826,1.34626,0.94358,0.86701,0.71287,0.8093,0.3909,1.77691,0.96836,0.86493,0.0015842,0.0015842,0.0015842
44,215.996,2.12243,1.39859,0.9437,0.74382,0.58416,0.64097,0.32769,1.98621,1.39381,0.87712,0.0015743,0.0015743,0.0015743
45,221.057,2.03952,1.36416,0.94699,0.90469,0.68317,0.81883,0.36363,1.9173,1.02984,0.85275,0.0015644,0.0015644,0.0015644
46,225.404,2.07778,1.30568,0.95748,0.80928,0.72277,0.80797,0.32356,1.92099,1.09623,0.86741,0.0015545,0.0015545,0.0015545
47,229.875,2.09774,1.28933,0.92809,0.80473,0.73267,0.8015,0.36808,1.9289,1.1003,0.86952,0.0015446,0.0015446,0.0015446
48,234.398,1.99944,1.22951,0.93223,0.85696,0.76238,0.84927,0.42197,1.81997,0.91174,0.85802,0.0015347,0.0015347,0.0015347
49,239.161,1.9894,1.32182,0.92985,0.88951,0.63366,0.78683,0.38832,1.7931,1.09618,0.83644,0.0015248,0.0015248,0.0015248
50,243.449,2.00705,1.31964,0.93641,0.84484,0.73267,0.80014,0.39285,1.76573,0.93876,0.8515,0.0015149,0.0015149,0.0015149
51,247.849,2.0329,1.26229,0.95017,0.80835,0.70297,0.7966,0.35454,1.9993,1.02945,0.86335,0.001505,0.001505,0.001505
52,252.216,2.04607,1.3129,0.93755,0.87582,0.69835,0.80797,0.31245,1.97179,1.1129,0.85381,0.0014951,0.0014951,0.0014951
53,258.93,1.99422,1.18693,0.9543,0.80854,0.74257,0.80495,0.41722,1.79466,1.07758,0.85523,0.0014852,0.0014852,0.0014852
54,265.717,2.02066,1.20593,0.94056,0.81737,0.71287,0.79777,0.39623,1.78906,1.14406,0.86855,0.0014753,0.0014753,0.0014753
55,270.52,2.04123,1.22247,0.93212,0.83303,0.61386,0.74006,0.33557,1.87846,1.08532,0.85841,0.0014654,0.0014654,0.0014654
56,274.939,1.98578,1.23388,0.92851,0.86725,0.77623,0.85277,0.38916,1.82059,0.98252,0.8524,0.0014555,0.0014555,0.0014555
57,279.267,1.99038,1.20281,0.94481,0.82784,0.76178,0.81847,0.42218,1.78804,0.93229,0.86936,0.0014456,0.0014456,0.0014456
58,283.584,2.1037,1.2207,0.94508,0.847,0.50495,0.63805,0.24705,2.1653,1.16779,0.87795,0.0014357,0.0014357,0.0014357
59,287.894,2.02084,1.19048,0.94894,0.8385,0.71287,0.76453,0.27844,2.10811,1.16512,0.862,0.0014258,0.0014258,0.0014258
60,292.439,1.98581,1.17684,0.94697,0.85375,0.75248,0.82119,0.39245,1.9054,1.03766,0.87993,0.0014159,0.0014159,0.0014159
61,296.772,2.10348,1.1748,0.94757,0.86275,0.78218,0.85937,0.41888,1.81547,0.92064,0.87669,0.001406,0.001406,0.001406
62,301.728,1.95305,1.17229,0.92725,0.79977,0.68317,0.75496,0.34825,1.84658,1.04393,0.85613,0.0013961,0.0013961,0.0013961
63,308.399,1.92971,1.15897,0.94481,0.87369,0.75333,0.86048,0.39276,1.82308,1.10479,0.85792,0.0013862,0.0013862,0.0013862
64,314.95,1.95838,1.1228,0.92932,0.81777,0.79979,0.8289,0.4269,1.80566,0.92127,0.86516,0.0013763,0.0013763,0.0013763
65,319.832,1.97093,1.12323,0.93697,0.9098,0.69907,0.83301,0.38924,1.85602,1.08993,0.88153,0.0013664,0.0013664,0.0013664
66,324.184,1.96186,1.13599,0.92479,0.78016,0.66337,0.70769,0.35389,1.9336,1.04008,0.85423,0.0013565,0.0013565,0.0013565
67,328.512,1.95952,1.1876,0.93197,0.85735,0.79208,0.85359,0.41597,1.84445,0.98475,0.87773,0.0013466,0.0013466,0.0013466
68,332.842,1.95615,1.16592,0.91298,0.79279,0.61386,0.71309,0.28386,2.04479,1.02666,0.86482,0.0013367,0.0013367,0.0013367
69,337.171,1.99025,1.09068,0.92583,0.83417,0.70297,0.79461,0.33396,1.82641,0.91381,0.85855,0.0013268,0.0013268,0.0013268
70,341.497,1.93351,1.07807,0.93809,0.86616,0.75248,0.8254,0.39271,1.9169,1.00745,0.87259,0.0013169,0.0013169,0.0013169
71,346.067,2.01275,1.08316,0.93206,0.89141,0.7315,0.83444,0.35454,1.98113,1.04047,0.89458,0.001307,0.001307,0.001307
72,351.058,2.02899,1.18537,0.94664,0.80271,0.74257,0.73421,0.29021,1.94625,1.15083,0.86996,0.0012971,0.0012971,0.0012971
73,357.49,1.93668,1.10772,0.91152,0.86063,0.74257,0.84183,0.4348,1.70654,1.01901,0.85581,0.0012872,0.0012872,0.0012872
74,364.06,1.92701,1.06584,0.94268,0.73178,0.58416,0.63097,0.22964,2.36863,1.18894,0.90338,0.0012773,0.0012773,0.0012773
75,368.597,1.88659,1.06952,0.91763,0.74627,0.78218,0.84118,0.40403,1.96708,0.94917,0.86141,0.0012674,0.0012674,0.0012674
76,373.056,1.8905,1.09155,0.91453,0.826,0.80198,0.83188,0.43188,1.81169,0.89795,0.86527,0.0012575,0.0012575,0.0012575
77,377.385,1.99024,1.10468,0.93349,0.82816,0.81188,0.84683,0.43461,1.83599,0.93089,0.86927,0.0012476,0.0012476,0.0012476
78,381.8,1.96247,1.08424,0.95546,0.82021,0.76787,0.8328,0.42459,1.80151,0.90802,0.8603,0.0012377,0.0012377,0.0012377
79,386.164,1.92482,1.05906,0.93767,0.86021,0.72277,0.86156,0.41425,1.78662,0.88014,0.86291,0.0012278,0.0012278,0.0012278
80,390.522,1.94325,1.10343,0.92101,0.83668,0.76084,0.83598,0.43417,1.8023,0.96593,0.86995,0.0012179,0.0012179,0.0012179
81,394.972,1.97325,1.13321,0.94206,0.7708,0.83243,0.86066,0.46303,1.75402,0.9656,0.86635,0.001208,0.001208,0.001208
82,399.683,1.91251,1.07406,0.89934,0.84067,0.80198,0.87832,0.44996,1.70876,0.88649,0.85268,0.0011981,0.0011981,0.0011981
83,406.223,1.85401,1.04363,0.90639,0.864,0.81774,0.87818,0.44799,1.79167,0.89387,0.87819,0.0011882,0.0011882,0.0011882
84,412.51,1.94611,1.05636,0.9284,0.89278,0.68317,0.80333,0.30355,1.96488,1.33678,0.86763,0.0011783,0.0011783,0.0011783
85,417.172,1.91253,1.05429,0.93773,0.91863,0.71287,0.84735,0.40872,1.87793,0.95041,0.87118,0.0011684,0.0011684,0.0011684
86,421.631,1.92287,1.06659,0.9121,0.86164,0.78218,0.8549,0.44973,1.67206,0.93581,0.85278,0.0011585,0.0011585,0.0011585
87,426.106,1.91271,1.00239,0.9138,0.83108,0.73069,0.81963,0.40226,1.80506,0.99277,0.86406,0.0011486,0.0011486,0.0011486
88,430.426,1.8387,1.05666,0.93263,0.78415,0.60396,0.68765,0.28831,2.11975,1.20172,0.89013,0.0011387,0.0011387,0.0011387
89,434.727,1.89682,1.03537,0.92216,0.67015,0.64356,0.63366,0.21362,2.42495,1.17756,0.92817,0.0011288,0.0011288,0.0011288
90,439.034,1.95227,1.13303,0.91788,0.87654,0.77328,0.84166,0.42868,1.77613,0.9772,0.86731,0.0011189,0.0011189,0.0011189
91,443.453,1.929,1.10581,0.92898,0.79297,0.7585,0.82368,0.42834,1.73075,0.97237,0.85654,0.001109,0.001109,0.001109
92,448.877,1.81053,1.06406,0.9184,0.72894,0.73267,0.78957,0.37332,1.79278,1.05751,0.85217,0.0010991,0.0010991,0.0010991
93,456.289,1.92357,1.01916,0.9436,0.84915,0.80198,0.88425,0.39989,1.86427,0.94748,0.86433,0.0010892,0.0010892,0.0010892
94,462.611,1.89122,1.00221,0.92731,0.85944,0.78701,0.86955,0.44411,1.69933,0.89232,0.85221,0.0010793,0.0010793,0.0010793
95,467.2,1.87071,0.99725,0.90327,0.86492,0.7608,0.85666,0.42497,1.77289,0.91363,0.8526,0.0010694,0.0010694,0.0010694
96,471.691,1.88829,0.99186,0.9342,0.86431,0.81988,0.87817,0.44313,1.72692,0.93302,0.86014,0.0010595,0.0010595,0.0010595
97,476.179,1.92341,1.05646,0.91386,0.86266,0.76238,0.85375,0.37557,1.82609,1.01316,0.84613,0.0010496,0.0010496,0.0010496
98,480.685,1.866,1.01571,0.90519,0.82141,0.83168,0.85668,0.46012,1.56366,0.92186,0.82772,0.0010397,0.0010397,0.0010397
99,485.032,1.87443,1.00704,0.91228,0.90965,0.79747,0.87486,0.42905,1.79549,0.94331,0.87165,0.0010298,0.0010298,0.0010298
100,489.432,1.90884,1.01544,0.90836,0.78847,0.77228,0.8279,0.37253,1.80619,0.95823,0.85448,0.0010199,0.0010199,0.0010199
101,493.83,1.94559,1.02119,0.92076,0.81996,0.67642,0.77651,0.30173,2.13486,1.05137,0.87675,0.00101,0.00101,0.00101
102,498.743,1.88319,0.99582,0.91176,0.87149,0.80576,0.88008,0.44655,1.64239,0.92525,0.83564,0.0010001,0.0010001,0.0010001
103,505.748,1.87985,0.95533,0.91344,0.89549,0.76354,0.87199,0.44423,1.70787,0.92309,0.84932,0.0009902,0.0009902,0.0009902
104,512.219,1.82415,0.92997,0.91475,0.74012,0.76133,0.78461,0.33067,1.97164,0.97527,0.86171,0.0009803,0.0009803,0.0009803
105,518.308,1.86717,0.98577,0.92897,0.87142,0.80523,0.87074,0.45903,1.70409,0.87024,0.85023,0.0009704,0.0009704,0.0009704
106,525.045,1.77673,0.93122,0.89932,0.89023,0.80298,0.89016,0.46784,1.62917,0.90591,0.83666,0.0009605,0.0009605,0.0009605
107,530.31,1.83697,0.98374,0.90353,0.80971,0.80049,0.86789,0.46933,1.7295,0.90375,0.84396,0.0009506,0.0009506,0.0009506
108,534.612,1.85345,0.99432,0.92198,0.88165,0.81137,0.88863,0.45833,1.69332,0.93007,0.86196,0.0009407,0.0009407,0.0009407
109,539.035,1.79862,0.9625,0.89031,0.84228,0.79313,0.85068,0.46434,1.70813,0.85208,0.86395,0.0009308,0.0009308,0.0009308
110,543.456,1.85769,0.95095,0.92259,0.61272,0.48515,0.45811,0.13092,2.78716,1.37634,0.94631,0.0009209,0.0009209,0.0009209
111,547.792,1.84513,0.97058,0.9017,0.84307,0.74257,0.78365,0.32675,2.05133,1.01101,0.87506,0.000911,0.000911,0.000911
112,552.091,1.885,1.00621,0.9212,0.7853,0.81188,0.83901,0.41793,1.75755,0.94677,0.84902,0.0009011,0.0009011,0.0009011
113,556.388,1.82766,0.97259,0.93661,0.84138,0.86139,0.86877,0.45606,1.75209,0.9342,0.85804,0.0008912,0.0008912,0.0008912
114,561.157,1.84504,1.02105,0.90313,0.90455,0.82178,0.87037,0.42326,1.82159,0.954,0.86484,0.0008813,0.0008813,0.0008813
115,568.162,1.81539,0.88735,0.90935,0.92599,0.86722,0.89998,0.44141,1.76544,0.89015,0.85026,0.0008714,0.0008714,0.0008714
116,574.319,1.83548,0.93117,0.91422,0.87482,0.86139,0.89083,0.47319,1.6947,0.86481,0.85514,0.0008615,0.0008615,0.0008615
117,579.359,1.85648,0.96992,0.90689,0.85257,0.85886,0.87232,0.4343,1.67957,0.92544,0.84891,0.0008516,0.0008516,0.0008516
118,583.681,1.79864,0.95083,0.91826,0.85665,0.82178,0.8644,0.45581,1.71126,0.91218,0.85524,0.0008417,0.0008417,0.0008417
119,587.992,1.83582,0.95249,0.92555,0.89851,0.78891,0.86561,0.46035,1.6764,0.89429,0.84849,0.0008318,0.0008318,0.0008318
120,592.437,1.84521,0.97715,0.90339,0.83763,0.84158,0.88273,0.4034,1.82369,0.95274,0.85958,0.0008219,0.0008219,0.0008219
121,596.705,1.82257,0.9664,0.90853,0.89247,0.86139,0.89854,0.46886,1.65508,0.94249,0.85072,0.000812,0.000812,0.000812
122,601.098,1.79097,0.94562,0.91109,0.88055,0.86139,0.88437,0.43882,1.60872,0.91514,0.84642,0.0008021,0.0008021,0.0008021
123,605.542,1.7717,0.89981,0.91042,0.872,0.80198,0.86385,0.44607,1.63139,0.89542,0.8444,0.0007922,0.0007922,0.0007922
124,609.867,1.76659,0.92294,0.9028,0.90991,0.76238,0.86876,0.46583,1.67851,0.89779,0.86249,0.0007823,0.0007823,0.0007823
125,615.325,1.76721,0.88364,0.90517,0.8523,0.79989,0.86013,0.42337,1.81465,0.89657,0.866,0.0007724,0.0007724,0.0007724
126,621.75,1.82114,0.94979,0.89916,0.81512,0.82941,0.86201,0.45086,1.64026,0.89857,0.84531,0.0007625,0.0007625,0.0007625
127,626.352,1.8007,0.93956,0.90137,0.88911,0.79386,0.86412,0.46787,1.70838,0.92923,0.86408,0.0007526,0.0007526,0.0007526
128,630.685,1.81838,0.94239,0.92177,0.82298,0.82857,0.86842,0.43212,1.71559,0.90409,0.85955,0.0007427,0.0007427,0.0007427
129,635.037,1.77591,0.90247,0.92522,0.88679,0.77559,0.87354,0.44652,1.68825,0.88352,0.85182,0.0007328,0.0007328,0.0007328
130,639.42,1.79163,0.8955,0.89832,0.87859,0.83168,0.86784,0.43502,1.74808,0.85082,0.85771,0.0007229,0.0007229,0.0007229
131,643.971,1.76137,0.90958,0.90543,0.89924,0.82178,0.88277,0.45514,1.6185,0.88567,0.84261,0.000713,0.000713,0.000713
132,648.327,1.78626,0.91686,0.91063,0.91325,0.83383,0.8885,0.46962,1.64185,0.87104,0.84911,0.0007031,0.0007031,0.0007031
133,652.615,1.79494,0.93319,0.91369,0.90929,0.73267,0.85598,0.4051,1.8088,0.88782,0.85962,0.0006932,0.0006932,0.0006932
134,657.165,1.83336,0.98351,0.9043,0.86856,0.82178,0.87701,0.47371,1.66478,0.83586,0.84785,0.0006833,0.0006833,0.0006833
135,663.272,1.79498,0.9504,0.90043,0.8685,0.85008,0.87836,0.44716,1.68042,0.88305,0.85083,0.0006734,0.0006734,0.0006734
136,669.047,1.77507,0.91395,0.90855,0.88414,0.84158,0.88747,0.45714,1.72681,0.87928,0.85904,0.0006635,0.0006635,0.0006635
137,673.578,1.77646,0.91437,0.88398,0.93585,0.77228,0.89521,0.44854,1.64874,0.83216,0.85174,0.0006536,0.0006536,0.0006536
138,677.993,1.80158,0.88935,0.89327,0.88679,0.71287,0.83771,0.39629,1.82907,0.86572,0.86867,0.0006437,0.0006437,0.0006437
139,682.365,1.77594,0.88869,0.92108,0.81143,0.85212,0.87782,0.46937,1.59437,0.8322,0.8529,0.0006338,0.0006338,0.0006338
140,686.704,1.78243,0.92956,0.90021,0.80623,0.86515,0.87518,0.4321,1.72077,0.86939,0.86759,0.0006239,0.0006239,0.0006239
141,691.055,1.84573,0.96153,0.91556,0.82977,0.86871,0.89382,0.4452,1.65639,0.89145,0.85613,0.000614,0.000614,0.000614
142,695.461,1.83757,1.00385,0.92842,0.81056,0.80491,0.8574,0.42801,1.74859,0.90264,0.863,0.0006041,0.0006041,0.0006041
143,700.023,1.721,0.88233,0.90073,0.84946,0.83806,0.88151,0.4684,1.68498,0.86487,0.85503,0.0005942,0.0005942,0.0005942
144,705.597,1.77973,0.92247,0.90963,0.91243,0.82532,0.86622,0.45432,1.73926,0.89065,0.86086,0.0005843,0.0005843,0.0005843
145,711.845,1.76335,0.90826,0.89294,0.89715,0.80198,0.86966,0.43707,1.72163,0.8306,0.85174,0.0005744,0.0005744,0.0005744
146,716.23,1.7188,0.89208,0.89454,0.84439,0.85966,0.89316,0.4739,1.65224,0.826,0.84543,0.0005645,0.0005645,0.0005645
147,720.586,1.72961,0.87208,0.90639,0.89382,0.83351,0.88664,0.45524,1.69019,0.84543,0.84949,0.0005546,0.0005546,0.0005546
148,725.071,1.83287,0.91538,0.92324,0.87576,0.83755,0.89283,0.48252,1.70566,0.84215,0.84854,0.0005447,0.0005447,0.0005447
149,729.597,1.75732,0.87088,0.90852,0.88625,0.84858,0.891,0.47285,1.67993,0.8302,0.84158,0.0005348,0.0005348,0.0005348
150,734.056,1.7382,0.86166,0.90092,0.9207,0.80473,0.88318,0.4669,1.65074,0.8589,0.83891,0.0005249,0.0005249,0.0005249
151,738.55,1.79098,0.92939,0.92128,0.88214,0.83168,0.88047,0.42466,1.76777,0.86378,0.85737,0.000515,0.000515,0.000515
152,742.826,1.71648,0.88843,0.89695,0.8699,0.84158,0.88383,0.45963,1.6977,0.82955,0.84707,0.0005051,0.0005051,0.0005051
153,748.077,1.72687,0.86811,0.91911,0.88114,0.80739,0.87425,0.42638,1.7628,0.85057,0.8447,0.0004952,0.0004952,0.0004952
154,754.711,1.65851,0.83409,0.86902,0.82637,0.85149,0.86643,0.45038,1.72186,0.85436,0.8534,0.0004853,0.0004853,0.0004853
155,759.201,1.69289,0.8163,0.90793,0.91122,0.87129,0.89984,0.4718,1.63539,0.80778,0.83686,0.0004754,0.0004754,0.0004754
156,763.648,1.69437,0.83481,0.9022,0.88875,0.87003,0.89581,0.45097,1.72049,0.85015,0.83924,0.0004655,0.0004655,0.0004655
157,768.106,1.71432,0.83671,0.89828,0.88686,0.85376,0.87555,0.46312,1.66055,0.82488,0.84145,0.0004556,0.0004556,0.0004556
158,772.718,1.71565,0.83959,0.90179,0.92785,0.78218,0.88777,0.47488,1.64829,0.8286,0.84707,0.0004457,0.0004457,0.0004457
159,778.42,1.70071,0.86914,0.89812,0.93997,0.77524,0.90059,0.48033,1.67123,0.83233,0.84538,0.0004358,0.0004358,0.0004358
160,785.2,1.68558,0.85241,0.87995,0.87428,0.82178,0.89254,0.47485,1.64427,0.86338,0.84385,0.0004259,0.0004259,0.0004259
161,791.794,1.72534,0.85587,0.9003,0.90242,0.87129,0.90097,0.48337,1.67431,0.83017,0.84971,0.000416,0.000416,0.000416
162,798.317,1.70844,0.86316,0.903,0.89052,0.88594,0.9052,0.48038,1.66545,0.86828,0.84743,0.0004061,0.0004061,0.0004061
163,804.232,1.67015,0.81372,0.88946,0.80961,0.85149,0.86785,0.46685,1.67982,0.82357,0.85435,0.0003962,0.0003962,0.0003962
164,811.091,1.68279,0.87213,0.8915,0.83615,0.85895,0.89394,0.4914,1.55831,0.82602,0.8315,0.0003863,0.0003863,0.0003863
165,816.401,1.65257,0.82907,0.87876,0.85897,0.84429,0.899,0.45898,1.67646,0.8485,0.83718,0.0003764,0.0003764,0.0003764
166,820.733,1.75124,0.86595,0.91287,0.86797,0.88119,0.90042,0.47724,1.6086,0.81505,0.83746,0.0003665,0.0003665,0.0003665
167,825.072,1.64334,0.80952,0.89598,0.90772,0.86139,0.9001,0.49383,1.60255,0.8328,0.83849,0.0003566,0.0003566,0.0003566
168,829.37,1.72373,0.86156,0.8854,0.87645,0.88119,0.9011,0.48154,1.6944,0.84404,0.84729,0.0003467,0.0003467,0.0003467
169,833.8,1.65783,0.82516,0.8929,0.87604,0.8397,0.89659,0.45941,1.66254,0.84339,0.84866,0.0003368,0.0003368,0.0003368
170,838.169,1.6961,0.83291,0.88888,0.8446,0.86099,0.90015,0.45064,1.7092,0.86661,0.85431,0.0003269,0.0003269,0.0003269
171,842.51,1.64472,0.81937,0.89654,0.84759,0.88097,0.89609,0.47167,1.63222,0.82429,0.841,0.000317,0.000317,0.000317
172,846.837,1.63707,0.857,0.89513,0.86555,0.88119,0.89631,0.49639,1.64981,0.83277,0.8439,0.0003071,0.0003071,0.0003071
173,852.187,1.70406,0.81593,0.90211,0.85278,0.86139,0.88738,0.45528,1.66335,0.84057,0.83914,0.0002972,0.0002972,0.0002972
174,859.869,1.65549,0.83689,0.87627,0.83525,0.85335,0.88509,0.45604,1.64709,0.85478,0.8507,0.0002873,0.0002873,0.0002873
175,865.87,1.6282,0.82254,0.86965,0.8399,0.88303,0.89752,0.49918,1.66068,0.82954,0.86331,0.0002774,0.0002774,0.0002774
176,872.29,1.60776,0.80007,0.87967,0.8747,0.84158,0.88768,0.44749,1.66911,0.86917,0.84897,0.0002675,0.0002675,0.0002675
177,878.734,1.7114,0.85323,0.91797,0.86038,0.87129,0.89055,0.47185,1.65591,0.84787,0.84546,0.0002576,0.0002576,0.0002576
178,883.458,1.71079,0.88403,0.8847,0.85462,0.84158,0.87884,0.48237,1.62023,0.85095,0.84669,0.0002477,0.0002477,0.0002477
179,887.806,1.63063,0.81358,0.88044,0.85594,0.84158,0.89226,0.47449,1.62251,0.84209,0.8452,0.0002378,0.0002378,0.0002378
180,892.393,1.61228,0.82234,0.89425,0.91092,0.80995,0.89285,0.46957,1.65343,0.88625,0.84825,0.0002279,0.0002279,0.0002279
181,896.855,1.6369,0.82637,0.88528,0.84493,0.86317,0.88509,0.48116,1.6254,0.86718,0.85042,0.000218,0.000218,0.000218
182,901.222,1.6643,0.85837,0.86871,0.87075,0.88119,0.89252,0.48196,1.66502,0.83848,0.85578,0.0002081,0.0002081,0.0002081
183,905.56,1.64199,0.82667,0.8809,0.84047,0.8868,0.89271,0.47514,1.65814,0.82762,0.85585,0.0001982,0.0001982,0.0001982
184,910.041,1.61314,0.79944,0.88946,0.82501,0.88694,0.8881,0.46815,1.63602,0.84927,0.85282,0.0001883,0.0001883,0.0001883
185,914.478,1.63898,0.81462,0.90818,0.83696,0.88119,0.88978,0.46325,1.6925,0.84367,0.85373,0.0001784,0.0001784,0.0001784
186,921.109,1.64358,0.84952,0.87987,0.84139,0.90099,0.89515,0.47853,1.63574,0.82971,0.84554,0.0001685,0.0001685,0.0001685
187,927.712,1.56052,0.79126,0.88816,0.86266,0.87065,0.89847,0.48889,1.6266,0.83227,0.84699,0.0001586,0.0001586,0.0001586
188,934.589,1.64116,0.84412,0.88541,0.84813,0.8847,0.89964,0.48176,1.6556,0.82558,0.84994,0.0001487,0.0001487,0.0001487
189,940.999,1.63066,0.84107,0.88316,0.88866,0.86932,0.90544,0.49212,1.62529,0.83375,0.8402,0.0001388,0.0001388,0.0001388
190,947.447,1.57629,0.78284,0.87787,0.87141,0.87225,0.9013,0.48047,1.65343,0.82117,0.84209,0.0001289,0.0001289,0.0001289
191,954.262,1.63865,0.88948,0.91003,0.89502,0.84158,0.89541,0.49108,1.6599,0.84583,0.84609,0.000119,0.000119,0.000119
192,958.604,1.63212,0.85303,0.90105,0.86386,0.87955,0.89499,0.49519,1.64832,0.84422,0.84588,0.0001091,0.0001091,0.0001091
193,962.906,1.62687,0.8499,0.88851,0.84111,0.86139,0.87916,0.47507,1.67817,0.86376,0.85588,9.92e-05,9.92e-05,9.92e-05
194,967.274,1.59696,0.82038,0.91231,0.8968,0.86039,0.88316,0.49722,1.66575,0.84081,0.86244,8.93e-05,8.93e-05,8.93e-05
195,971.49,1.6377,0.79963,0.91171,0.91401,0.84189,0.89255,0.50028,1.66134,0.83335,0.85491,7.94e-05,7.94e-05,7.94e-05
196,975.869,1.6484,0.85279,0.89172,0.89472,0.84141,0.87911,0.48987,1.67338,0.85859,0.85722,6.95e-05,6.95e-05,6.95e-05
197,980.126,1.56401,0.77119,0.89994,0.87306,0.84158,0.8786,0.47047,1.6703,0.86751,0.86011,5.96e-05,5.96e-05,5.96e-05
198,985.84,1.58017,0.75915,0.90481,0.87664,0.84158,0.87551,0.47397,1.66293,0.83564,0.85253,4.97e-05,4.97e-05,4.97e-05
199,992.114,1.60612,0.82417,0.91859,0.90866,0.85149,0.8928,0.49446,1.63403,0.82746,0.8492,3.98e-05,3.98e-05,3.98e-05
200,997.558,1.59778,0.81617,0.91085,0.90939,0.85149,0.89308,0.49968,1.65277,0.83028,0.85264,2.99e-05,2.99e-05,2.99e-05
